Year,Box.Office
2000,43.20956947
2001,40.56887086
2002,44.26228043
2003,46.44941243
2004,41.16540211
2005,36.78063111
2006,38.46858809
2007,37.57419821
2008,40.93830262
2009,48.99433899
2010,39.80397033
2011,36.17901889
2012,38.64146594
2013,38.65789199
2014,40.60251569
2015,56.80465417
